{
    "foreground_intensity_properties_per_channel": {
        "0": {
            "max": 2.967144250869751,
            "mean": 1.6123100519180298,
            "median": 1.580134391784668,
            "min": 0.8811198472976685,
            "percentile_00_5": 1.100778924226761,
            "percentile_99_5": 2.4173691272735596,
            "std": 0.2795998454093933
        },
        "1": {
            "max": 3.0,
            "mean": 1.996986985206604,
            "median": 2.0,
            "min": 1.0,
            "percentile_00_5": 1.0,
            "percentile_99_5": 3.0,
            "std": 0.7316800951957703
        }
    },
    "median_relative_size_after_cropping": 1.0,
    "shapes_after_crop": [
        [
            160,
            256,
            256
        ],
        [
            160,
            256,
            256
        ],
        [
            160,
            256,
            256
        ],
        [
            160,
            256,
            256
        ],
        [
            160,
            256,
            256
        ],
        [
            160,
            256,
            256
        ],
        [
            160,
            256,
            256
        ],
        [
            160,
            256,
            256
        ],
        [
            160,
            256,
            256
        ],
        [
            160,
            256,
            256
        ],
        [
            160,
            256,
            256
        ],
        [
            160,
            256,
            256
        ],
        [
            160,
            256,
            256
        ],
        [
            160,
            256,
            256
        ],
        [
            160,
            256,
            256
        ],
        [
            160,
            256,
            256
        ],
        [
            160,
            256,
            256
        ],
        [
            160,
            256,
            256
        ],
        [
            160,
            256,
            256
        ],
        [
            160,
            256,
            256
        ],
        [
            160,
            256,
            256
        ],
        [
            160,
            256,
            256
        ],
        [
            160,
            256,
            256
        ],
        [
            160,
            256,
            256
        ],
        [
            160,
            256,
            256
        ],
        [
            160,
            256,
            256
        ],
        [
            160,
            256,
            256
        ],
        [
            160,
            256,
            256
        ],
        [
            160,
            256,
            256
        ],
        [
            160,
            256,
            256
        ],
        [
            160,
            256,
            256
        ],
        [
            160,
            256,
            256
        ],
        [
            160,
            256,
            256
        ],
        [
            160,
            256,
            256
        ],
        [
            160,
            256,
            256
        ],
        [
            160,
            256,
            256
        ],
        [
            160,
            256,
            256
        ],
        [
            160,
            256,
            256
        ],
        [
            160,
            256,
            256
        ],
        [
            160,
            256,
            256
        ],
        [
            160,
            256,
            256
        ],
        [
            160,
            256,
            256
        ],
        [
            160,
            256,
            256
        ],
        [
            160,
            256,
            256
        ],
        [
            160,
            256,
            256
        ],
        [
            160,
            256,
            256
        ],
        [
            160,
            256,
            256
        ],
        [
            160,
            256,
            256
        ],
        [
            160,
            256,
            256
        ],
        [
            160,
            256,
            256
        ],
        [
            160,
            256,
            256
        ],
        [
            160,
            256,
            256
        ],
        [
            160,
            256,
            256
        ],
        [
            160,
            256,
            256
        ],
        [
            160,
            256,
            256
        ],
        [
            160,
            256,
            256
        ],
        [
            160,
            256,
            256
        ],
        [
            160,
            256,
            256
        ],
        [
            160,
            256,
            256
        ],
        [
            160,
            256,
            256
        ],
        [
            160,
            256,
            256
        ],
        [
            160,
            256,
            256
        ],
        [
            160,
            256,
            256
        ],
        [
            160,
            256,
            256
        ],
        [
            160,
            256,
            256
        ],
        [
            160,
            256,
            256
        ],
        [
            160,
            256,
            256
        ]
    ],