Case,Boundary_MAE,Boundary_RMSE,Boundary_Acc_1,Boundary_Acc_3,Boundary_Acc_5,Boundary_Gradient_MAE,Boundary_Pearson_R,BoundaryVoxelCount,Interior_MAE,Interior_RMSE,Status
M6_SNR010,4.419075012207031,7.29754596378165,0.3826088594599177,0.6527762341173036,0.7716640450602341,5.842635459215823,0.5322315745303224,530845,4.010556221008301,6.8485806630563,ok
M6_SNR020,4.241000652313232,7.652856440600428,0.46423343913948517,0.708005161582006,0.7999717431642005,5.785383600335081,0.5807879696952972,530845,3.762336015701294,7.072084388212159,ok
M6_SNR030,4.2014617919921875,7.853959085030057,0.49832060205898143,0.7269165198881029,0.8076783241812582,5.81158955616674,0.598276174070491,530845,3.679515838623047,7.20192220248487,ok
M6_SNR040,4.182538986206055,7.973831770424264,0.5185072855541637,0.7357514905480884,0.8104286561990788,5.845610965728392,0.6085598345053495,530845,3.6358389854431152,7.282325763392484,ok
M6_SNR050,4.161870002746582,8.043719041315715,0.5327788714219782,0.7416063069257505,0.8135350243479735,5.856335206422869,0.6161384632591732,530845,3.5940051078796387,7.308761032041363,ok
M6_SNR075,4.153515815734863,8.179611482604027,0.550740800045211,0.7480036545507635,0.8152304344959451,5.875402170609298,0.6251155717861578,530845,3.530956506729126,7.347998116797723,ok
M6_SNR100,4.161776065826416,8.254647073208076,0.5593007375034144,0.749143346928011,0.8151814559805592,5.8875664415499696,0.6304900171782043,530845,3.4941678047180176,7.351073164672168,ok
M6_SNR150,4.146219730377197,8.292757611095764,0.5654852169654042,0.7509442492629675,0.815840782149215,5.847836803985381,0.6402981910135884,530845,3.453669786453247,7.329327385032831,ok
