Case,Residual_Mean,Residual_Median,Residual_STD,Residual_Skewness,Status
M6_SNR010,0.30052289366722107,0.0,6.98144006729126,-0.027446432039141655,ok
M6_SNR020,0.5855669975280762,0.0,7.229607582092285,0.1289416253566742,ok
M6_SNR030,0.63156658411026,0.0,7.378926753997803,0.20729558169841766,ok
M6_SNR040,0.6684628129005432,0.0,7.469108581542969,0.25495442748069763,ok
M6_SNR050,0.6986439824104309,0.0,7.506979465484619,0.2890722155570984,ok
M6_SNR075,0.7235144376754761,0.0,7.575557231903076,0.332734614610672,ok
M6_SNR100,0.7561039328575134,0.0,7.59912109375,0.37146851420402527,ok
M6_SNR150,0.8219479918479919,0.0,7.590244293212891,0.431592732667923,ok
