Case,Boundary_MAE,Boundary_RMSE,Boundary_Acc_1,Boundary_Acc_3,Boundary_Acc_5,Boundary_Gradient_MAE,Boundary_Pearson_R,BoundaryVoxelCount,Interior_MAE,Interior_RMSE,Status
M6_SNR010,4.4140095710754395,7.296150122503471,0.38135237216136536,0.6533884655596266,0.773547834113536,5.841065696515016,0.5289163936493956,530845,4.000237941741943,6.843083318697839,ok
M6_SNR020,4.2230424880981445,7.631477481285212,0.4639715924610762,0.7096572445817517,0.8015089150316947,5.77578895865612,0.580280539556699,530845,3.743225336074829,7.059089579897785,ok
M6_SNR030,4.19191837310791,7.836828818169565,0.4966157729657433,0.727266904652017,0.8089555331593968,5.80306057393638,0.597452298399669,530845,3.661620855331421,7.182108042478746,ok
M6_SNR040,4.176424503326416,7.954272234299236,0.5151673275626595,0.7362506946472134,0.8116644218180448,5.836349921789863,0.6080163502054762,530845,3.6245193481445312,7.265073956338259,ok
M6_SNR050,4.161284446716309,8.022655356077708,0.5283105237875463,0.7410185647411203,0.8137121005189839,5.853206800945935,0.6155132484141569,530845,3.586444854736328,7.290925633150757,ok
M6_SNR075,4.159040927886963,8.155777139220326,0.5444206877713834,0.7465983479170003,0.8152624589098513,5.876094385920693,0.6246182426295945,530845,3.5315961837768555,7.331868401061784,ok
M6_SNR100,4.175301551818848,8.236873008935614,0.5517693488683137,0.7472840471324022,0.8147029735610206,5.89407530412994,0.6295431254485293,530845,3.5012693405151367,7.340853505416675,ok
M6_SNR150,4.171294689178467,8.280761243684204,0.5564505646657687,0.7484105529862766,0.8146879032485942,5.86647101776964,0.6390148293468767,530845,3.466250419616699,7.31899214554923,ok
