Case,Residual_Mean,Residual_Median,Residual_STD,Residual_Skewness,Status
M6_SNR010,0.22806784510612488,0.0,6.979985237121582,-0.04509258270263672,ok
M6_SNR020,0.5018328428268433,0.0,7.220194339752197,0.09589338302612305,ok
M6_SNR030,0.5471189022064209,0.0,7.366682052612305,0.16724002361297607,ok
M6_SNR040,0.5889845490455627,0.0,7.457759380340576,0.21379055082798004,ok
M6_SNR050,0.6252723932266235,0.0,7.494518756866455,0.2467704564332962,ok
M6_SNR075,0.6602519750595093,0.0,7.562640190124512,0.2920289635658264,ok
M6_SNR100,0.688780665397644,0.0,7.592783451080322,0.3299056887626648,ok
M6_SNR150,0.7498920559883118,0.0,7.586783409118652,0.385724276304245,ok
