Case,Boundary_MAE,Boundary_RMSE,Boundary_Acc_1,Boundary_Acc_3,Boundary_Acc_5,Boundary_Gradient_MAE,Boundary_Pearson_R,BoundaryVoxelCount,Interior_MAE,Interior_RMSE,Status
M6_SNR010,7.488762378692627,10.347514686177743,0.19256656839567104,0.3971008486469685,0.5426555774284396,6.978373599816151,0.13136666117146914,530845,6.629274368286133,9.463959442025969,ok
M6_SNR020,8.05541706085205,11.375262246934065,0.21483295500569846,0.41751170303949364,0.548905989507295,7.3385007005552545,0.1166918627209145,530845,7.099017143249512,10.432850790189207,ok
M6_SNR030,8.345928192138672,11.85572744775409,0.22467198523109383,0.4230293211766146,0.5487364484924978,7.5920155234148545,0.11379145947684809,530845,7.341560363769531,10.895252180677893,ok
M6_SNR040,8.545665740966797,12.160416622051853,0.22838681724420498,0.4242255272254613,0.5451836223379706,7.764574514615288,0.11103522298029482,530845,7.475496292114258,11.142719002450798,ok
M6_SNR050,8.682348251342773,12.35866694104062,0.23106368148894688,0.4259039832719532,0.5419359700100783,7.902380034545899,0.10928942308452425,530845,7.573008060455322,11.315714511132779,ok
M6_SNR075,8.919340133666992,12.682857472085168,0.23260273714549445,0.4250336727293278,0.5342293889930205,8.080330335895859,0.10632787239300195,530845,7.711394309997559,11.55638430957308,ok
M6_SNR100,9.071419715881348,12.871508671233252,0.23228437679548644,0.42223624598517456,0.527428910510601,8.192762041025109,0.10498737215272913,530845,7.79816198348999,11.693823098423653,ok
M6_SNR150,9.23878002166748,13.069400698545463,0.23112773031675912,0.4185082274486903,0.5198240541024216,8.242906414713884,0.10500898543657135,530845,7.894500255584717,11.836175353426896,ok
