Case,Residual_Mean,Residual_Median,Residual_STD,Residual_Skewness,Status
M6_SNR010,-0.3881937563419342,0.0,9.732881546020508,-0.14901496469974518,ok
M6_SNR020,-0.07265403121709824,0.0,10.727409362792969,-0.09496252983808517,ok
M6_SNR030,-0.017530398443341255,0.0,11.19548511505127,-0.06455545872449875,ok
M6_SNR040,0.0219285786151886,0.0,11.461155891418457,-0.05095776915550232,ok
M6_SNR050,0.05288509279489517,0.0,11.642041206359863,-0.04003794491291046,ok
M6_SNR075,0.07782354950904846,0.0,11.909316062927246,-0.03046317771077156,ok
M6_SNR100,0.10937529802322388,0.0,12.062948226928711,-0.02557316981256008,ok
M6_SNR150,0.17233583331108093,0.0,12.222439765930176,-0.024239150807261467,ok
